protection,BC,CE,CC,CJ,CR,DL,DC,DS,DV,CH,LB,LM,LV,MU,MS,MH,OM,OV,PA,PP,PSD,SS,SO,SAT,SC,SAU,SPOC,SY,TL,ADS,TS,NTS,TSabove,TSabove2,TSbelow,DSabove,DVabove,MUabove,otherTSabove2,DSbelow,DVbelow,OVbelow,otherTSbelow
N,0.0,20.5,0.0,178.8,39.0,0.0,407.3,389.6,297.8,0.0,238.2,0.0,0.0,0.0,351.7,0.0,0.0,0.0,0.0,0.0,0.0,6114.6,0.0,0.0,176.8,0.0,0.0,0.0,0.0,2099.8,1446.5,653.2,1404.5,1404.5,42.0,389.6,255.8,0.0,759.1,0.0,42.0,0.0,0.0
N,0.0,205.5,414.0,343.2,0.0,0.0,0.0,1159.6,127.3,25.4,0.0,0.0,0.0,3206.2,0.0,0.0,0.0,0.0,0.0,0.0,0.0,291.3,0.0,81.9,275.8,0.0,0.0,0.0,0.0,5838.7,4907.0,931.7,4745.2,4745.2,161.8,1125.1,0.0,3206.2,414.0,34.6,127.3,0.0,0.0
N,0.0,9.9,0.0,501.0,15.8,0.0,54.0,149.6,0.0,0.0,406.9,0.0,22.4,0.0,0.0,288.8,0.0,230.4,0.0,0.0,0.0,228.9,0.0,177.3,136.3,0.0,0.0,0.0,0.0,1992.4,745.2,1247.3,81.3,370.1,375.1,81.3,0.0,0.0,288.8,68.3,0.0,230.4,76.4
N,0.0,69.2,0.0,297.5,0.0,0.0,0.0,375.1,21.8,0.0,0.0,0.0,0.0,1211.3,0.0,0.0,0.0,175.6,0.0,0.0,0.0,410.7,0.0,0.0,89.8,0.0,0.0,92.0,0.0,2332.2,1783.8,548.4,1288.9,1288.9,494.9,77.7,0.0,1211.3,0.0,297.5,21.8,175.6,0.0
N,0.0,53.2,0.0,750.2,17.4,0.0,97.0,932.4,98.9,0.0,916.3,0.0,0.0,1835.0,0.0,0.0,0.0,1064.6,0.0,0.0,0.0,183.3,0.0,0.0,121.5,0.0,0.0,0.0,0.0,5886.4,4027.8,1858.6,3928.9,3928.9,98.9,932.4,0.0,1835.0,1161.5,0.0,98.9,0.0,0.0
N,0.0,0.0,0.0,335.5,0.0,136.9,0.0,0.0,37.7,0.0,441.2,0.0,0.0,364.5,199.4,0.0,0.0,0.0,1331.6,0.0,0.0,0.0,0.0,0.0,119.2,0.0,0.0,0.0,0.0,2966.0,2070.2,895.8,1895.6,1895.6,174.6,0.0,0.0,364.5,1531.1,0.0,37.7,0.0,136.9
N,0.0,0.0,0.0,90.6,27.1,0.0,0.0,0.0,192.9,0.0,352.1,0.0,0.0,0.0,0.0,0.0,0.0,0.0,0.0,0.0,0.0,0.0,0.0,0.0,201.0,0.0,0.0,0.0,0.0,863.6,192.9,670.7,117.2,117.2,75.7,0.0,117.2,0.0,0.0,0.0,75.7,0.0,0.0
N,0.0,26.1,0.0,383.4,0.0,0.0,0.0,528.9,132.9,0.0,0.0,0.0,0.0,2972.0,0.0,0.0,0.0,0.0,0.0,0.0,0.0,0.0,0.0,0.0,92.1,0.0,0.0,0.0,0.0,4135.5,3633.8,501.7,3587.1,3587.1,46.7,528.9,86.3,2972.0,0.0,0.0,46.7,0.0,0.0
N,0.0,0.0,0.0,317.6,0.0,0.0,0.0,154.9,339.0,0.0,162.0,0.0,0.0,1188.0,0.0,0.0,0.0,0.0,0.0,0.0,0.0,0.0,0.0,0.0,229.7,0.0,0.0,0.0,0.0,2391.3,1681.9,709.4,1629.0,1629.0,53.0,154.9,286.0,1188.0,0.0,0.0,53.0,0.0,0.0
N,0.0,0.0,0.0,167.0,10.7,0.0,0.0,0.0,105.5,0.0,0.0,0.0,0.0,0.0,0.0,0.0,0.0,0.0,0.0,0.0,0.0,0.0,355.7,0.0,27.7,0.0,0.0,0.0,0.0,666.6,461.3,205.4,441.1,441.1,20.2,0.0,85.3,0.0,355.7,0.0,20.2,0.0,0.0
N,0.0,0.0,0.0,79.6,20.8,0.0,0.0,0.0,263.7,0.0,0.0,0.0,0.0,0.0,0.0,0.0,0.0,0.0,0.0,0.0,0.0,0.0,0.0,213.9,80.7,0.0,0.0,0.0,0.0,658.7,263.7,395.0,143.0,143.0,120.7,0.0,143.0,0.0,0.0,0.0,120.7,0.0,0.0
N,0.0,0.0,0.0,90.1,0.0,0.0,0.0,226.3,102.5,0.0,0.0,0.0,0.0,0.0,0.0,0.0,0.0,474.2,0.0,0.0,0.0,0.0,0.0,0.0,187.3,0.0,0.0,0.0,0.0,1080.3,802.9,277.4,226.3,226.3,576.6,226.3,0.0,0.0,0.0,0.0,102.5,474.2,0.0
N,0.0,0.0,0.0,192.2,0.0,0.0,0.0,430.1,332.7,0.0,0.0,0.0,0.0,0.0,0.0,0.0,0.0,0.0,0.0,0.0,0.0,4222.7,0.0,0.0,25.8,0.0,0.0,0.0,0.0,980.8,762.8,218.0,393.3,393.3,188.4,316.4,76.9,0.0,0.0,27.7,160.7,0.0,0.0
N,0.0,0.0,0.0,375.9,17.4,489.8,0.0,445.5,46.7,0.0,0.0,0.0,0.0,0.0,0.0,0.0,574.6,0.0,0.0,0.0,0.0,0.0,0.0,0.0,21.9,0.0,0.0,0.0,0.0,1971.8,1556.6,415.2,712.6,1287.1,46.7,222.7,0.0,0.0,1064.4,0.0,46.7,0.0,0.0
N,0.0,0.0,0.0,255.2,0.0,0.0,0.0,1369.0,35.7,0.0,0.0,27.2,0.0,0.0,0.0,0.0,0.0,0.0,0.0,0.0,0.0,0.0,0.0,0.0,26.5,0.0,0.0,0.0,0.0,1713.6,1404.7,308.9,1064.8,1064.8,35.7,1064.8,0.0,0.0,0.0,0.0,35.7,0.0,0.0
N,0.0,0.0,0.0,36.5,0.0,0.0,0.0,0.0,28.0,0.0,0.0,0.0,0.0,0.0,0.0,0.0,0.0,0.0,0.0,0.0,0.0,0.0,0.0,0.0,0.0,0.0,0.0,0.0,0.0,64.5,28.0,36.5,0.0,0.0,28.0,0.0,0.0,0.0,0.0,0.0,28.0,0.0,0.0
N,0.0,0.0,0.0,230.1,0.0,0.0,0.0,624.6,150.3,0.0,240.8,0.0,0.0,0.0,0.0,640.2,0.0,0.0,0.0,0.0,0.0,0.0,0.0,0.0,111.9,0.0,0.0,167.7,0.0,2165.6,1415.0,750.5,369.4,1009.5,93.2,312.3,57.1,0.0,640.2,0.0,93.2,0.0,0.0
N,0.0,0.0,0.0,98.2,0.0,0.0,0.0,1925.4,0.0,0.0,0.0,0.0,0.0,0.0,435.9,0.0,0.0,0.0,0.0,0.0,0.0,0.0,0.0,0.0,25.8,0.0,0.0,0.0,0.0,2485.2,2361.2,124.0,1398.6,1398.6,0.0,962.7,0.0,0.0,435.9,0.0,0.0,0.0,0.0
N,0.0,0.0,0.0,1377.0,0.0,0.0,0.0,755.4,269.2,0.0,0.0,0.0,0.0,0.0,0.0,0.0,0.0,0.0,0.0,0.0,0.0,367.7,0.0,0.0,30.6,0.0,0.0,0.0,0.0,2432.1,1024.6,1407.5,873.6,873.6,0.0,604.4,269.2,0.0,0.0,0.0,0.0,0.0,0.0
N,0.0,0.0,0.0,95.3,0.0,0.0,0.0,171.4,142.3,0.0,0.0,0.0,0.0,371.8,0.0,0.0,0.0,0.0,0.0,0.0,0.0,0.0,0.0,0.0,28.6,0.0,0.0,0.0,0.0,809.5,685.6,123.9,685.6,685.6,0.0,171.4,142.3,371.8,0.0,0.0,0.0,0.0,0.0
N,0.0,0.0,0.0,74.4,0.0,0.0,0.0,627.0,285.6,0.0,0.0,0.0,0.0,0.0,0.0,0.0,0.0,402.7,0.0,0.0,0.0,0.0,0.0,0.0,58.3,0.0,0.0,0.0,0.0,1448.0,1315.3,132.7,791.4,791.4,523.9,566.8,224.5,0.0,0.0,60.2,61.1,402.7,0.0
N,0.0,0.0,0.0,184.8,18.2,0.0,721.7,1719.7,191.4,0.0,0.0,0.0,0.0,548.2,0.0,0.0,0.0,0.0,0.0,0.0,0.0,0.0,0.0,0.0,76.2,0.0,0.0,0.0,0.0,3460.1,3180.9,279.2,2150.3,2150.3,122.9,803.6,76.9,548.2,721.6,56.3,66.6,0.0,0.0
N,0.0,0.0,0.0,182.1,0.0,0.0,0.0,485.4,38.9,0.0,119.1,0.0,0.0,0.0,0.0,0.0,0.0,0.0,0.0,0.0,0.0,0.0,0.0,0.0,0.0,1488.2,0.0,131.6,0.0,2445.3,2012.5,432.8,1876.5,1876.5,19.5,388.3,0.0,0.0,1488.2,0.0,19.5,0.0,0.0
N,0.0,0.0,0.0,133.7,0.0,0.0,0.0,720.5,212.3,0.0,0.0,0.0,0.0,1859.2,0.0,0.0,0.0,0.0,0.0,0.0,0.0,0.0,0.0,0.0,0.0,0.0,0.0,0.0,0.0,2925.8,2792.1,133.7,2036.0,2036.0,12.4,720.5,199.9,1115.5,0.0,0.0,12.4,0.0,0.0
N,0.0,0.0,0.0,260.9,0.0,0.0,0.0,109.3,622.9,0.0,0.0,0.0,0.0,0.0,0.0,0.0,0.0,0.0,0.0,0.0,0.0,0.0,0.0,0.0,50.7,0.0,0.0,0.0,0.0,1043.8,732.2,311.6,613.1,613.1,41.2,109.3,503.9,0.0,0.0,0.0,41.2,0.0,0.0
N,0.0,0.0,0.0,131.2,0.0,0.0,0.0,435.2,776.8,0.0,0.0,0.0,0.0,2012.9,0.0,0.0,109.4,0.0,0.0,0.0,0.0,0.0,0.0,28.7,21.1,0.0,0.0,0.0,0.0,3515.2,3334.2,181.1,1459.7,1569.0,117.9,127.3,527.2,805.2,109.4,90.3,27.6,0.0,0.0
N,0.0,0.0,0.0,411.9,25.1,701.9,0.0,436.9,308.4,22.7,0.0,0.0,0.0,0.0,0.0,0.0,0.0,0.0,0.0,0.0,0.0,0.0,0.0,0.0,42.8,0.0,0.0,0.0,0.0,1949.7,1447.3,502.5,1126.0,1126.0,0.0,218.5,205.6,0.0,701.9,0.0,0.0,0.0,0.0
N,0.0,0.0,0.0,39.9,0.0,0.0,0.0,0.0,73.7,0.0,0.0,0.0,0.0,327.1,0.0,0.0,0.0,0.0,0.0,0.0,0.0,0.0,0.0,0.0,36.4,0.0,0.0,0.0,0.0,477.1,400.8,76.3,327.1,327.1,73.7,0.0,0.0,327.1,0.0,0.0,73.7,0.0,0.0
N,0.0,0.0,0.0,64.7,0.0,0.0,0.0,757.6,289.9,0.0,0.0,0.0,0.0,0.0,0.0,0.0,0.0,0.0,0.0,0.0,0.0,0.0,0.0,0.0,35.5,0.0,0.0,0.0,0.0,1147.7,1047.5,100.2,542.4,542.4,0.0,252.5,289.9,0.0,0.0,0.0,0.0,0.0,0.0
N,0.0,5.6,0.0,203.8,8.8,0.0,0.0,503.8,179.5,0.0,0.0,0.0,0.0,0.0,0.0,0.0,0.0,0.0,0.0,0.0,0.0,0.0,0.0,0.0,28.1,0.0,0.0,0.0,0.0,929.6,683.3,246.3,515.4,515.4,0.0,335.9,179.5,0.0,0.0,0.0,0.0,0.0,0.0
N,0.0,0.0,0.0,190.4,0.0,0.0,104.9,843.4,176.0,25.5,610.0,0.0,0.0,312.5,0.0,0.0,0.0,0.0,0.0,0.0,0.0,0.0,0.0,0.0,24.2,0.0,0.0,62.0,0.0,2348.8,1436.7,912.1,1172.5,1172.5,23.2,602.4,152.7,312.5,104.9,0.0,23.2,0.0,0.0
N,0.0,0.0,0.0,0.0,0.0,0.0,0.0,663.3,606.5,0.0,0.0,0.0,0.0,297.6,0.0,0.0,0.0,0.0,0.0,0.0,0.0,0.0,0.0,0.0,0.0,0.0,0.0,0.0,0.0,1567.4,1567.4,0.0,1567.4,1567.4,0.0,663.3,606.5,297.6,0.0,0.0,0.0,0.0,0.0
N,0.0,0.0,0.0,255.3,0.0,0.0,0.0,214.2,199.8,0.0,0.0,0.0,0.0,312.8,0.0,0.0,0.0,0.0,0.0,0.0,0.0,0.0,0.0,0.0,34.1,0.0,0.0,23.8,0.0,1039.8,726.7,313.1,476.3,476.3,103.3,107.1,56.5,312.8,0.0,0.0,103.3,0.0,0.0
N,0.0,0.0,0.0,329.1,0.0,0.0,0.0,1113.6,330.3,0.0,0.0,0.0,0.0,0.0,0.0,0.0,0.0,0.0,0.0,0.0,0.0,0.0,0.0,0.0,30.6,0.0,0.0,0.0,0.0,1803.6,1443.9,359.7,779.5,779.5,77.4,616.8,162.7,0.0,0.0,51.4,26.0,0.0,0.0
N,0.0,26.0,0.0,454.4,20.5,0.0,0.0,440.8,376.7,0.0,1953.8,0.0,0.0,0.0,0.0,0.0,0.0,0.0,0.0,0.0,0.0,0.0,0.0,0.0,176.5,0.0,50.0,0.0,0.0,3498.8,867.5,2631.3,563.8,563.8,303.7,440.8,123.1,0.0,0.0,0.0,253.6,0.0,50.0
N,0.0,0.0,0.0,268.4,8.8,0.0,0.0,0.0,458.0,0.0,0.0,0.0,0.0,0.0,0.0,0.0,0.0,497.1,0.0,0.0,0.0,0.0,0.0,0.0,38.3,0.0,0.0,0.0,0.0,1270.6,955.1,315.5,217.4,217.4,585.0,0.0,217.4,0.0,0.0,0.0,87.9,497.1,0.0
N,0.0,6.2,0.0,373.4,0.0,0.0,0.0,1101.7,653.5,0.0,0.0,0.0,0.0,0.0,0.0,0.0,0.0,595.9,0.0,0.0,0.0,0.0,0.0,0.0,116.1,0.0,0.0,0.0,0.0,2846.8,2351.2,495.6,1189.6,1189.6,941.3,881.4,308.2,0.0,0.0,0.0,345.3,595.9,0.0
N,0.0,0.0,0.0,37.9,0.0,0.0,0.0,0.0,184.3,0.0,0.0,0.0,0.0,0.0,0.0,0.0,0.0,0.0,0.0,0.0,0.0,0.0,926.7,0.0,0.0,0.0,0.0,0.0,0.0,1148.8,1111.0,37.9,926.7,926.7,92.2,0.0,0.0,0.0,926.7,0.0,92.2,0.0,0.0
N,0.0,0.0,0.0,91.9,54.8,0.0,0.0,693.0,520.7,0.0,0.0,0.0,0.0,0.0,0.0,0.0,0.0,1771.4,0.0,0.0,0.0,0.0,2048.4,0.0,73.5,0.0,0.0,7.5,26.0,5287.2,5059.5,227.7,4647.3,4647.3,203.3,693.0,134.5,0.0,3819.8,0.0,186.0,0.0,17.3
N,0.0,0.0,468.2,652.9,0.0,0.0,0.0,2406.5,681.1,0.0,871.3,0.0,0.0,879.6,0.0,0.0,0.0,0.0,0.0,0.0,0.0,0.0,0.0,409.6,197.0,0.0,154.3,0.0,0.0,6720.2,4589.6,2130.6,3333.8,3333.8,293.3,1968.9,456.9,439.8,468.2,0.0,139.1,0.0,154.3
N,0.0,14.9,0.0,151.5,0.0,0.0,0.0,838.7,342.1,0.0,0.0,0.0,0.0,0.0,0.0,0.0,0.0,0.0,0.0,0.0,0.0,0.0,0.0,0.0,163.7,0.0,0.0,81.4,0.0,1592.3,1180.8,411.5,855.5,855.5,30.1,629.0,226.5,0.0,0.0,0.0,30.1,0.0,0.0
N,0.0,34.1,0.0,356.4,19.7,0.0,0.0,178.1,198.0,0.0,110.2,0.0,0.0,0.0,0.0,0.0,0.0,0.0,0.0,0.0,0.0,308.4,0.0,0.0,74.0,0.0,0.0,0.0,0.0,970.5,376.2,594.3,322.4,322.4,53.8,178.1,144.3,0.0,0.0,0.0,53.8,0.0,0.0
N,0.0,0.0,0.0,48.3,0.0,0.0,0.0,928.6,306.2,0.0,0.0,0.0,0.0,0.0,0.0,0.0,123.7,0.0,0.0,0.0,0.0,0.0,0.0,0.0,0.0,0.0,0.0,0.0,0.0,1406.8,1358.5,48.3,615.7,739.5,0.0,309.5,306.2,0.0,123.7,0.0,0.0,0.0,0.0
N,0.0,7.2,0.0,447.3,29.5,612.0,0.0,669.7,965.0,0.0,211.0,0.0,0.0,0.0,0.0,0.0,0.0,0.0,0.0,0.0,0.0,0.0,0.0,0.0,73.8,0.0,0.0,0.0,0.0,3015.5,2246.6,768.8,1377.9,1377.9,781.0,616.5,761.4,0.0,0.0,53.2,115.9,0.0,612.0
N,0.0,31.9,0.0,667.6,48.8,0.0,0.0,0.0,399.4,0.0,0.0,0.0,0.0,822.7,0.0,0.0,0.0,0.0,0.0,0.0,0.0,0.0,0.0,0.0,22.3,0.0,0.0,0.0,0.0,1992.6,1222.1,770.5,776.8,776.8,134.6,100.7,264.8,411.4,0.0,0.0,134.6,0.0,0.0
N,0.0,0.0,0.0,0.0,0.0,0.0,0.0,208.6,714.7,0.0,0.0,0.0,0.0,0.0,0.0,0.0,0.0,0.0,0.0,0.0,0.0,14113.4,0.0,0.0,0.0,0.0,0.0,0.0,0.0,923.4,923.4,0.0,670.7,670.7,133.6,208.6,462.0,0.0,0.0,0.0,133.6,0.0,0.0
Y,0.0,0.0,0.0,83.9,0.0,57.5,0.0,166.3,259.2,0.0,0.0,0.0,0.0,1203.6,0.0,0.0,0.0,0.0,0.0,0.0,0.0,0.0,0.0,0.0,0.0,0.0,0.0,48.6,0.0,1819.1,1686.6,132.5,1369.9,1369.9,316.7,166.3,0.0,1203.6,0.0,0.0,259.2,0.0,57.5
Y,0.0,0.0,0.0,884.7,0.0,0.0,0.0,87.3,0.0,0.0,68.1,0.0,0.0,0.0,0.0,0.0,0.0,252.8,0.0,0.0,0.0,0.0,0.0,272.5,202.9,0.0,0.0,207.9,0.0,1976.1,340.1,1636.0,87.3,87.3,252.8,87.3,0.0,0.0,0.0,0.0,0.0,252.8,0.0
Y,0.0,0.0,0.0,335.5,0.0,0.0,0.0,1686.2,343.9,0.0,0.0,0.0,0.0,0.0,0.0,0.0,0.0,0.0,0.0,0.0,0.0,0.0,0.0,0.0,140.9,0.0,0.0,0.0,0.0,2506.5,2030.1,476.3,1905.5,1905.5,124.6,1686.2,219.3,0.0,0.0,0.0,124.6,0.0,0.0
Y,0.0,11.8,0.0,457.6,16.8,0.0,0.0,629.5,82.7,32.2,0.0,0.0,0.0,645.5,0.0,0.0,0.0,0.0,0.0,0.0,0.0,0.0,0.0,0.0,0.0,0.0,0.0,77.9,0.0,1953.9,1357.7,596.2,1357.7,1357.7,0.0,629.5,82.7,645.5,0.0,0.0,0.0,0.0,0.0
Y,0.0,11.1,0.0,81.5,29.0,0.0,0.0,0.0,225.8,0.0,0.0,0.0,0.0,0.0,0.0,0.0,0.0,0.0,0.0,0.0,0.0,0.0,0.0,0.0,111.2,0.0,0.0,0.0,0.0,458.5,225.8,232.7,88.4,88.4,137.4,0.0,88.4,0.0,0.0,0.0,137.4,0.0,0.0
Y,0.0,14.8,0.0,422.4,0.0,0.0,0.0,498.3,150.8,0.0,0.0,0.0,0.0,0.0,0.0,453.3,0.0,0.0,0.0,0.0,0.0,0.0,1510.8,199.1,149.4,0.0,0.0,23.8,0.0,3422.7,2613.1,809.6,2159.8,2613.1,0.0,498.3,150.8,0.0,1964.1,0.0,0.0,0.0,0.0
Y,0.0,0.0,0.0,288.6,0.0,0.0,0.0,302.0,324.3,0.0,0.0,0.0,0.0,0.0,0.0,0.0,0.0,0.0,0.0,0.0,0.0,172.4,0.0,0.0,83.4,0.0,0.0,0.0,0.0,998.2,626.3,371.9,572.5,572.5,53.8,302.0,270.5,0.0,0.0,0.0,53.8,0.0,0.0
Y,0.0,49.4,0.0,269.1,0.0,0.0,0.0,764.6,30.9,0.0,1118.8,0.0,0.0,0.0,0.0,0.0,0.0,0.0,0.0,0.0,0.0,0.0,0.0,0.0,143.3,0.0,0.0,0.0,0.0,2376.1,795.5,1580.6,764.6,764.6,30.9,764.6,0.0,0.0,0.0,0.0,30.9,0.0,0.0
Y,0.0,5.3,0.0,671.8,0.0,0.0,0.0,209.6,266.6,0.0,0.0,0.0,0.0,0.0,0.0,0.0,0.0,61.0,0.0,0.0,0.0,0.0,0.0,0.0,191.1,0.0,0.0,172.8,0.0,1578.2,537.2,1040.9,476.3,476.3,61.0,209.6,266.6,0.0,0.0,0.0,0.0,61.0,0.0
Y,0.0,0.0,0.0,465.6,0.0,0.0,0.0,404.9,37.7,0.0,0.0,0.0,0.0,1342.5,0.0,0.0,0.0,176.4,0.0,0.0,0.0,0.0,0.0,0.0,148.9,0.0,0.0,0.0,0.0,2576.0,1961.5,614.5,1690.2,1690.2,271.3,347.7,0.0,1342.5,0.0,57.2,37.7,176.4,0.0
Y,0.0,0.0,0.0,396.3,0.0,0.0,0.0,1055.8,111.4,0.0,675.1,0.0,0.0,0.0,0.0,0.0,0.0,0.0,0.0,0.0,0.0,861.6,0.0,0.0,88.1,0.0,0.0,269.9,0.0,2596.5,1167.1,1429.4,1120.2,1120.2,46.9,1055.8,64.4,0.0,0.0,0.0,46.9,0.0,0.0
Y,0.0,0.0,0.0,302.1,0.0,0.0,0.0,1017.8,147.1,0.0,545.3,0.0,0.0,0.0,0.0,0.0,0.0,0.0,0.0,0.0,0.0,217.1,0.0,68.5,21.7,0.0,0.0,100.8,0.0,2203.1,1164.9,1038.3,1047.7,1047.7,117.1,900.7,147.1,0.0,0.0,117.1,0.0,0.0,0.0
Y,0.0,7.9,0.0,262.4,13.2,973.8,0.0,590.1,305.1,0.0,0.0,0.0,0.0,0.0,0.0,0.0,211.5,0.0,0.0,0.0,0.0,0.0,0.0,0.0,30.2,0.0,0.0,0.0,0.0,2394.3,2080.5,313.7,1562.0,1773.5,107.0,491.8,96.5,0.0,1185.3,0.0,107.0,0.0,0.0
Y,0.0,0.0,0.0,86.0,0.0,0.0,0.0,1519.2,87.1,0.0,198.4,0.0,0.0,0.0,0.0,0.0,0.0,737.0,0.0,0.0,0.0,0.0,0.0,0.0,0.0,0.0,0.0,0.0,0.0,2627.8,2343.4,284.4,1036.7,1036.7,737.0,949.5,87.1,0.0,0.0,0.0,0.0,737.0,0.0
Y,0.0,0.0,0.0,113.0,0.0,0.0,520.5,1144.3,0.0,0.0,0.0,0.0,1461.4,0.0,0.0,0.0,196.7,0.0,0.0,46.2,0.0,0.0,0.0,0.0,0.0,0.0,329.9,0.0,0.0,3812.1,3699.1,113.0,2744.8,2941.6,376.1,762.9,0.0,0.0,2178.7,0.0,0.0,0.0,376.1
Y,0.0,0.0,0.0,307.0,0.0,0.0,0.0,963.7,290.1,0.0,0.0,0.0,0.0,2135.2,0.0,0.0,0.0,0.0,0.0,0.0,0.0,1467.3,0.0,0.0,150.3,0.0,0.0,0.0,0.0,3846.2,3389.0,457.3,2613.8,2613.8,549.2,400.2,78.4,2135.2,0.0,443.0,106.2,0.0,0.0
Y,0.0,0.0,0.0,28.2,0.0,0.0,2446.2,322.2,32.5,0.0,0.0,0.0,0.0,462.0,0.0,0.0,324.2,0.0,0.0,0.0,0.0,0.0,0.0,0.0,0.0,0.0,0.0,0.0,0.0,3615.3,3587.1,28.2,3230.4,3554.6,32.5,322.2,0.0,462.0,2770.5,0.0,32.5,0.0,0.0
Y,0.0,0.0,0.0,40.6,20.1,5791.6,560.4,2042.9,11.4,0.0,0.0,0.0,0.0,0.0,0.0,0.0,0.0,0.0,0.0,0.0,0.0,0.0,0.0,0.0,77.3,0.0,0.0,0.0,0.0,8544.1,8406.2,137.9,6172.5,6172.5,11.4,1751.0,0.0,0.0,4421.4,0.0,11.4,0.0,0.0
Y,0.0,0.0,0.0,262.2,15.4,0.0,0.0,1545.3,19.9,0.0,0.0,0.0,0.0,0.0,0.0,0.0,0.0,0.0,84.6,0.0,0.0,0.0,0.0,0.0,135.8,0.0,0.0,0.0,0.0,2063.2,1649.8,413.4,1390.8,1390.8,104.4,1390.8,0.0,0.0,0.0,0.0,19.9,0.0,84.6
Y,0.0,0.0,0.0,91.3,0.0,0.0,0.0,667.3,89.9,0.0,1543.2,0.0,0.0,0.0,0.0,0.0,0.0,0.0,0.0,0.0,0.0,0.0,0.0,0.0,62.1,0.0,0.0,0.0,0.0,2453.7,757.2,1696.6,444.8,444.8,89.9,444.8,0.0,0.0,0.0,0.0,89.9,0.0,0.0
Y,0.0,0.0,0.0,178.9,0.0,0.0,0.0,2144.1,301.5,0.0,0.0,0.0,2349.8,0.0,0.0,0.0,0.0,0.0,0.0,0.0,0.0,0.0,0.0,0.0,96.1,0.0,0.0,0.0,0.0,5070.4,4795.4,275.0,3723.4,3723.4,0.0,1072.1,301.5,0.0,2349.8,0.0,0.0,0.0,0.0
Y,0.0,0.0,0.0,372.7,0.0,2291.1,0.0,3628.9,136.1,0.0,390.3,0.0,0.0,0.0,0.0,0.0,0.0,0.0,207.9,0.0,0.0,0.0,0.0,0.0,171.0,0.0,0.0,81.9,0.0,7279.8,6263.9,1015.9,3624.7,3624.7,0.0,989.7,136.1,0.0,2498.9,0.0,0.0,0.0,0.0
Y,0.0,0.0,0.0,819.3,0.0,0.0,0.0,874.0,0.0,0.0,0.0,0.0,0.0,0.0,0.0,0.0,0.0,396.7,1179.3,322.7,0.0,0.0,0.0,0.0,102.0,0.0,0.0,0.0,0.0,3694.0,2772.7,921.3,2376.0,2376.0,396.7,874.0,0.0,0.0,1502.0,0.0,0.0,396.7,0.0
Y,0.0,0.0,0.0,126.2,25.9,0.0,0.0,799.9,506.0,0.0,83.9,0.0,0.0,0.0,0.0,0.0,0.0,0.0,0.0,0.0,0.0,0.0,0.0,0.0,26.1,0.0,0.0,0.0,0.0,1568.0,1305.9,262.1,944.5,944.5,108.4,799.9,144.6,0.0,0.0,0.0,108.4,0.0,0.0
Y,0.0,11.2,0.0,711.8,21.9,0.0,1996.7,1139.2,171.5,0.0,501.7,0.0,0.0,1197.6,0.0,0.0,0.0,1456.3,0.0,0.0,0.0,0.0,0.0,0.0,44.1,0.0,0.0,141.8,0.0,7393.9,5961.4,1432.6,4534.1,4534.1,0.0,310.7,171.5,598.8,3453.1,0.0,0.0,0.0,0.0
Y,0.0,0.0,0.0,128.7,7.0,0.0,0.0,0.0,111.6,0.0,0.0,0.0,0.0,0.0,0.0,0.0,0.0,397.6,0.0,0.0,0.0,0.0,0.0,0.0,45.1,0.0,0.0,0.0,0.0,690.0,509.2,180.8,58.7,58.7,450.6,0.0,58.7,0.0,0.0,0.0,53.0,397.6,0.0
Y,0.0,0.0,0.0,603.8,0.0,0.0,0.0,1689.6,280.4,0.0,0.0,0.0,0.0,0.0,0.0,0.0,0.0,0.0,0.0,0.0,0.0,0.0,0.0,0.0,40.9,0.0,0.0,0.0,0.0,2614.6,1969.9,644.7,1817.0,1817.0,40.7,1689.6,127.5,0.0,0.0,0.0,40.7,0.0,0.0
Y,0.0,0.0,0.0,193.5,26.2,0.0,1953.3,384.8,248.0,0.0,301.2,0.0,0.0,0.0,0.0,0.0,0.0,0.0,0.0,0.0,0.0,0.0,0.0,0.0,0.0,0.0,0.0,0.0,0.0,3107.2,2586.2,521.0,2338.2,2338.2,186.0,384.8,0.0,0.0,1953.3,0.0,186.0,0.0,0.0
Y,0.0,5.9,0.0,382.7,14.8,0.0,588.4,666.5,106.6,0.0,261.3,285.8,0.0,0.0,0.0,0.0,214.4,0.0,0.0,0.0,0.0,0.0,0.0,0.0,19.9,0.0,0.0,0.0,0.0,2546.4,1575.9,970.5,1144.0,1358.4,50.8,499.8,55.8,0.0,802.8,0.0,50.8,0.0,0.0
Y,0.0,0.0,0.0,113.3,3.7,0.0,0.0,464.8,196.9,0.0,0.0,0.0,0.0,0.0,0.0,0.0,0.0,0.0,0.0,0.0,0.0,0.0,0.0,0.0,102.2,0.0,0.0,12.5,0.0,893.3,661.7,231.6,378.6,378.6,101.2,298.2,80.5,0.0,0.0,50.5,50.8,0.0,0.0
Y,0.0,17.7,0.0,115.7,3.7,0.0,0.0,4003.5,988.1,0.0,186.2,0.0,0.0,0.0,0.0,0.0,0.0,0.0,333.5,0.0,0.0,0.0,0.0,0.0,154.0,0.0,0.0,331.4,0.0,6133.8,5325.1,808.7,4277.0,4277.0,100.6,3275.6,668.0,0.0,333.5,0.0,100.6,0.0,0.0
Y,0.0,16.7,0.0,252.4,17.9,0.0,0.0,676.1,695.9,0.0,376.3,0.0,0.0,0.0,0.0,0.0,187.8,0.0,0.0,0.0,0.0,0.0,0.0,0.0,36.8,0.0,0.0,22.3,0.0,2282.2,1559.8,722.4,545.8,733.5,70.7,338.1,207.7,0.0,187.8,0.0,70.7,0.0,0.0
Y,0.0,16.3,0.0,593.1,20.8,0.0,1701.4,650.5,1411.8,0.0,171.9,0.0,0.0,0.0,0.0,0.0,0.0,0.0,1443.0,0.0,0.0,276.4,0.0,0.0,49.9,0.0,97.9,0.0,0.0,6156.4,5304.4,852.0,4589.4,4589.4,417.8,592.2,852.9,0.0,3144.3,58.3,261.6,0.0,97.9
Y,0.0,0.0,0.0,621.6,0.0,0.0,324.9,1286.3,130.5,0.0,0.0,0.0,0.0,0.0,0.0,0.0,0.0,0.0,0.0,0.0,0.0,0.0,0.0,0.0,23.3,0.0,0.0,0.0,0.0,2386.5,1741.7,644.8,1554.2,1554.2,154.9,1229.3,0.0,0.0,324.9,57.0,97.9,0.0,0.0
Y,0.0,0.0,0.0,138.6,21.0,0.0,0.0,566.7,235.5,0.0,474.9,0.0,0.0,0.0,0.0,0.0,0.0,816.5,0.0,0.0,0.0,0.0,0.0,0.0,102.0,0.0,0.0,0.0,0.0,2355.0,1618.6,736.4,1489.2,1489.2,129.5,566.7,106.0,0.0,816.5,0.0,129.5,0.0,0.0
Y,0.0,12.9,0.0,303.0,0.0,0.0,0.0,1072.4,181.9,0.0,383.5,0.0,0.0,575.5,0.0,0.0,199.8,0.0,0.0,0.0,0.0,0.0,0.0,0.0,153.9,0.0,0.0,0.0,0.0,2882.9,2029.6,853.3,1590.4,1790.2,0.0,893.7,121.3,575.5,199.8,0.0,0.0,0.0,0.0
Y,0.0,0.0,0.0,89.8,0.0,0.0,0.0,242.4,733.9,0.0,0.0,0.0,0.0,0.0,0.0,0.0,39.7,199.1,0.0,0.0,0.0,0.0,0.0,0.0,33.6,0.0,0.0,0.0,0.0,1338.4,1215.1,123.4,622.0,661.7,286.5,242.4,379.6,0.0,39.7,0.0,87.4,199.1,0.0
Y,0.0,0.0,0.0,456.5,18.6,0.0,431.4,684.6,142.0,0.0,240.4,0.0,0.0,0.0,0.0,0.0,75.1,0.0,0.0,0.0,0.0,0.0,0.0,0.0,30.8,0.0,0.0,29.4,0.0,2108.7,1333.1,775.6,1116.1,1191.1,47.3,684.6,0.0,0.0,506.5,0.0,47.3,0.0,0.0
